"Inclut les transactions Amazon Marketplace, Expédié par Amazon et Amazon Webstore"
"Tous les montants sont en EUR, sauf mention contraire."
"Définitions :"
"Frais de vente : Incluent des frais de clôture variable et des frais de référence."
"Autres frais de transaction : incluent les contestations de prélèvement, les retenues sur expédition"
"Autre : inclut les montants non-liés aux commandes. Pour de plus amples renseignements, consultez les colonnes ""Type"" et ""Description"" pour chaque commande."
"date/heure","numéro de versement","type","numéro de la commande","sku","description","quantité","Marketplace","traitement","ville d'où provient la commande","Région d'où provient la commande","code postal de la commande","ventes de produits","crédits d'expédition","crédits sur l'emballage cadeau","Rabais promotionnels","frais de vente","Frais Expédié par Amazon","autres frais de transaction","autre","total"
"2 mai 2016 08:43:43 UTC+00:00","6737233732","Commande","403-4302884-7200349","009B-FR-FBA","Amorus® Sac à dos de vélo étanche lampe témoin sécurité LED clignotant télécommande sans fil (gris)","1","amazon.fr","Amazon","SOTTEVILLE LES ROUEN","","76300","31,99","0","0","0","-4,80","-2,74","0","0","24,45"
"2 mai 2016 09:36:59 UTC+00:00","6737233732","Commande","171-7480285-3797918","146A-FR-FBA","Amours® Étui de transport protection portatif de stockage en voyage pour GoPro Hero4 /Hero4 Black/Hero 4 Silver/Hero/Hero3/Hero3+/Hero2 et Accessoires","1","amazon.fr","Amazon","BRUGES","","33520","9,99","0","0","0","-1,20","-2,74","0","0","6,05"
"2 mai 2016 10:31:13 UTC+00:00","6737233732","Commande","171-8166657-5167564","183A-FR-FBA","Amorus Rechargeable 61 touches Silicon flexible Roll Up MIDI Piano Design électronique pour les débutants et les enfants","1","amazon.fr","Amazon","ST PIERRE LA GARENNE","","27600","54,99","0","0","0","-6,60","-3,70","0","0","44,69"
"2 mai 2016 14:16:58 UTC+00:00","6737233732","Commande","404-0391849-3923525","342A-FR-FBA","Perche Monopode, Amorus® Perche de Selfie stick sans fil Bluetooth monopode pour iPhone 6/6 Plus, Samsung Galaxy S6 / S6 Bord / Note 4, Gopro Hero / H","1","amazon.fr","Amazon","Boulogne Billancourt","","92100","14,99","0","0","0","-1,80","-2,38","0","0","10,81"
"2 mai 2016 17:03:15 UTC+00:00","6737233732","Commande","404-8414849-4402716","342A-FR-FBA","Perche Monopode, Amorus® Perche de Selfie stick sans fil Bluetooth monopode pour iPhone 6/6 Plus, Samsung Galaxy S6 / S6 Bord / Note 4, Gopro Hero / H","1","amazon.fr","Amazon","Lyon","","69009","14,99","0","0","0","-1,80","-2,38","0","0","10,81"
"2 mai 2016 17:36:26 UTC+00:00","6737233732","Commande","404-3654686-5156360","MO2A-FR-FBA","Amorus® 5L Sac à dos de vélo étanche lampe témoin sécurité LED clignotant télécommande sans fil pour la nuit la sécurité à vélo (orange)","1","amazon.fr","Amazon","brives charensac","","43700","54,99","0","0","0","-8,25","-3,50","0","0","43,24"
"3 mai 2016 09:52:47 UTC+00:00","6737233732","Commande","403-8668108-3738760","Drum-FBM","batterie électronique avec pad de percussion, parfait pour les débutants et les enfants","1","amazon.fr","Vendeur","ROUEN","","76000","44,99","4,00","0","0","-5,88","0","0","0","43,11"
"3 mai 2016 13:25:37 UTC+00:00","6737233732","Remboursement","404-3173487-5978725","88keys-FR","Amorus® Piano numérique roulant 88 touches Silicon pour les débutants et les enfants","1","amazon.fr","Vendeur","Ste Marie","","35600","0","0","0","0","0","0","0","-32,10","-32,10"
"3 mai 2016 14:10:57 UTC+00:00","6737233732","Commande","402-2727028-4466747","392B-FR","Amorus® Haut-parleur portable en lévitation dans l'air Bluetooth avec Mic et NFC pour iPhone 6/6 Plus, mini iPad 3/2/1, iPad Air 2/1, Samsung Galaxy S","1","amazon.fr","Amazon","chateauneuf sur isere","","26300","99,99","0","0","0","-7,00","-3,83","0","0","89,16"
"3 mai 2016 16:12:27 UTC+00:00","6737233732","Commande","403-3975685-1389969","183A-FR-FBA","Amorus Rechargeable 61 touches Silicon flexible Roll Up MIDI Piano Design électronique pour les débutants et les enfants","1","amazon.fr","Amazon","TOULOUSE","","31400","54,99","0","0","0","-6,60","-3,70","0","0","44,69"
"4 mai 2016 13:26:11 UTC+00:00","6737233732","Remboursement","402-8326572-6445107","183A-FR-FBA","Amorus Rechargeable 61 touches Silicon flexible Roll Up MIDI Piano Design électronique pour les débutants et les enfants","1","amazon.fr","Amazon","SENCONAC","","09250","-54,99","0","0","0","5,28","0","0","0","-49,71"
"4 mai 2016 13:29:08 UTC+00:00","6737233732","Commande","S02-0829736-8173339","AC-ADAPTER","Bloc d'alimentation adaptateur secteur 12V 2A","1","si-prod-fr-marketplace.stores.amazon.fr","Amazon","chateauneuf sur isere","","26300","0","0","0","0","0","-1,80","0","0","-1,80"
"4 mai 2016 13:29:08 UTC+00:00","6737233732","Commande","S02-0829736-8173339","","Frais de transport FBA","","si-prod-fr-marketplace.stores.amazon.fr","Amazon","chateauneuf sur isere","","26300","0","0","0","0","0","0","0","-3,40","-3,40"
"4 mai 2016 17:04:11 UTC+00:00","6737233732","Commande","402-9947180-3415502","146A-FR-FBA","Amours® Étui de transport protection portatif de stockage en voyage pour GoPro Hero4 /Hero4 Black/Hero 4 Silver/Hero/Hero3/Hero3+/Hero2 et Accessoires","1","amazon.fr","Amazon","Villiers Le Morhier","","28230","9,99","0","0","0","-1,20","-2,74","0","0","6,05"
"4 mai 2016 18:47:13 UTC+00:00","6737233732","Commande","403-8273247-5157900","183A-FR-FBA","Amorus Rechargeable 61 touches Silicon flexible Roll Up MIDI Piano Design électronique pour les débutants et les enfants","1","amazon.fr","Amazon","lyon","","69008","54,99","0","0","0","-6,60","-3,70","0","0","44,69"
"6 mai 2016 09:41:47 UTC+00:00","6737233732","Commande","402-9489305-0176308","183A-FR-FBA","Amorus Rechargeable 61 touches Silicon flexible Roll Up MIDI Piano Design électronique pour les débutants et les enfants","1","amazon.fr","Amazon","Dijon","","21000","54,99","4,99","0","0","-6,60","-7,86","0","0","45,52"
"6 mai 2016 09:42:16 UTC+00:00","6737233732","Commande","171-2229327-8700302","392A-FR","Amorus® Haut-parleur portable en lévitation dans l'air Bluetooth avec Mic et NFC pour iPhone 6/6 Plus, mini iPad 3/2/1, iPad Air 2/1, Samsung Galaxy S","2","amazon.fr","Amazon","cap d ail","","06320","199,98","0","0","0","-14,00","-7,66","0","0","178,32"
"6 mai 2016 14:35:42 UTC+00:00","6737233732","Commande","404-5322966-2997153","88keys-FR-FBA","Amorus® Piano numérique roulant 88 touches Silicon pour les débutants et les enfants","1","amazon.fr","Amazon","MAUREPAS","","78310","94,99","0","0","0","-11,40","-3,83","0","0","79,76"
"6 mai 2016 17:03:57 UTC+00:00","6737233732","Commande","402-1592118-2744357","392B-FR","Amorus® Haut-parleur portable en lévitation dans l'air Bluetooth avec Mic et NFC pour iPhone 6/6 Plus, mini iPad 3/2/1, iPad Air 2/1, Samsung Galaxy S","1","amazon.fr","Amazon","chelles","ile de france","77500","99,99","0","0","0","-7,00","-3,83","0","0","89,16"
"7 mai 2016 04:01:20 UTC+00:00","6737233732","Frais de stock Expédié par Amazon","","","Frais de stockage Expédié par Amazon","","","","","","","0","0","0","0","0","0","0","-40,10","-40,10"
"7 mai 2016 15:53:54 UTC+00:00","6737233732","Commande","404-0014705-0830719","392B-FR","Amorus® Haut-parleur portable en lévitation dans l'air Bluetooth avec Mic et NFC pour iPhone 6/6 Plus, mini iPad 3/2/1, iPad Air 2/1, Samsung Galaxy S","1","amazon.fr","Amazon","ST LAURENT DU VAR","","06700","99,99","0","0","0","-7,00","-3,83","0","0","89,16"
"8 mai 2016 15:37:29 UTC+00:00","6737233732","Commande","S02-5810198-3326159","AC-ADAPTER","Bloc d'alimentation adaptateur secteur 12V 2A","1","si-prod-fr-marketplace.stores.amazon.fr","Amazon","chelles","ile de france","77500","0","0","0","0","0","-1,80","0","0","-1,80"
"8 mai 2016 15:37:29 UTC+00:00","6737233732","Commande","S02-5810198-3326159","","Frais de transport FBA","","si-prod-fr-marketplace.stores.amazon.fr","Amazon","chelles","ile de france","77500","0","0","0","0","0","0","0","-3,40","-3,40"
"9 mai 2016 04:39:10 UTC+00:00","6737233732","Commande","S02-8694332-7419737","AC-ADAPTER","Bloc d'alimentation adaptateur secteur 12V 2A","1","si-prod-fr-marketplace.stores.amazon.fr","Amazon","cap d ail","","06320","0","0","0","0","0","-1,80","0","0","-1,80"
"9 mai 2016 04:39:10 UTC+00:00","6737233732","Commande","S02-8694332-7419737","AC-ADAPTER","Bloc d'alimentation adaptateur secteur 12V 2A","1","si-prod-fr-marketplace.stores.amazon.fr","Amazon","cap d ail","","06320","0","0","0","0","0","-1,80","0","0","-1,80"
"9 mai 2016 04:39:10 UTC+00:00","6737233732","Commande","S02-8694332-7419737","","Frais de transport FBA","","si-prod-fr-marketplace.stores.amazon.fr","Amazon","cap d ail","","06320","0","0","0","0","0","0","0","-3,40","-3,40"
"9 mai 2016 05:25:49 UTC+00:00","6737233732","Commande","171-7827345-8520335","392A-FR","Amorus® Haut-parleur portable en lévitation dans l'air Bluetooth avec Mic et NFC pour iPhone 6/6 Plus, mini iPad 3/2/1, iPad Air 2/1, Samsung Galaxy S","1","amazon.fr","Amazon","EMBOURG","","4053","99,99","0","0","0","-7,00","-3,83","0","0","89,16"
"9 mai 2016 06:30:35 UTC+00:00","6737233732","Commande","171-8887559-8727512","Drum","batterie électronique avec pad de percussion, parfait pour les débutants et les enfants","1","amazon.fr","Amazon","La Chapelle St Mesmin","","45380","44,99","0","0","0","-5,40","-3,50","0","0","36,09"
"9 mai 2016 13:02:15 UTC+00:00","6737233732","Commande","171-3941152-1663542","392B-FR","Amorus® Haut-parleur portable en lévitation dans l'air Bluetooth avec Mic et NFC pour iPhone 6/6 Plus, mini iPad 3/2/1, iPad Air 2/1, Samsung Galaxy S","1","amazon.fr","Amazon","St Michel Sur Orge","","91240","99,99","0","0","0","-7,00","-3,83","0","0","89,16"
"9 mai 2016 13:47:23 UTC+00:00","6737233732","Commande","402-2996985-0861105","183A-FR-FBA","Amorus Rechargeable 61 touches Silicon flexible Roll Up MIDI Piano Design électronique pour les débutants et les enfants","1","amazon.fr","Amazon","LORREZ LE BOCAGE","","77710","54,99","0","0","0","-6,60","-3,70","0","0","44,69"
"9 mai 2016 15:25:09 UTC+00:00","6737233732","Commande","S02-8808054-3898131","AC-ADAPTER","Bloc d'alimentation adaptateur secteur 12V 2A","1","si-prod-fr-marketplace.stores.amazon.fr","Amazon","ST LAURENT DU VAR","","06700","0","0","0","0","0","-1,80","0","0","-1,80"
"9 mai 2016 15:25:09 UTC+00:00","6737233732","Commande","S02-8808054-3898131","","Frais de transport FBA","","si-prod-fr-marketplace.stores.amazon.fr","Amazon","ST LAURENT DU VAR","","06700","0","0","0","0","0","0","0","-3,40","-3,40"
"9 mai 2016 16:47:01 UTC+00:00","6737233732","Commande","171-8410742-2065940","342A-FR-FBA","Perche Monopode, Amorus® Perche de Selfie stick sans fil Bluetooth monopode pour iPhone 6/6 Plus, Samsung Galaxy S6 / S6 Bord / Note 4, Gopro Hero / H","1","amazon.fr","Amazon","le blanc mesnil","","93150","15,99","2,79","0","0","-1,92","-4,71","0","0","12,15"
"9 mai 2016 18:43:20 UTC+00:00","6737233732","Commande","404-2310623-0485137","183A-FR-FBA","Amorus Rechargeable 61 touches Silicon flexible Roll Up MIDI Piano Design électronique pour les débutants et les enfants","1","amazon.fr","Amazon","Lyon","","69003","54,99","9,99","0","0","-6,60","-12,03","0","0","46,35"
"10 mai 2016 07:22:09 UTC+00:00","6737233732","Commande","404-6458120-0053901","MO5-FR-Green-FBA","Amorus® Sacoches de selle étanches avec Signal de tour LED clignotants télécommande sans fil émetteur (vert)","1","amazon.fr","Amazon","CHAMONIX","","74400","29,99","0","0","0","-4,50","-2,74","0","0","22,75"
"10 mai 2016 08:55:29 UTC+00:00","6737233732","Commande","171-2965936-4029155","009B-FR-FBA","Amorus® Sac à dos de vélo étanche lampe témoin sécurité LED clignotant télécommande sans fil (gris)","1","amazon.fr","Amazon","Luxembourg","Luxembourg","1527","35,99","0","0","0","-5,40","-2,74","0","0","27,85"
"10 mai 2016 11:35:14 UTC+00:00","6744996172","Transfert","","","vers le compte finissant en : 8017","","","","","","","0","0","0","0","0","0","0","-1 593,12","-1 593,12"
"10 mai 2016 14:07:45 UTC+00:00","6744996172","Commande","171-0898893-9775505","Drum","batterie électronique avec pad de percussion, parfait pour les débutants et les enfants","1","amazon.fr","Amazon","ANTONY","","92160","44,99","0","0","0","-5,40","-3,50","0","0","36,09"
"10 mai 2016 14:26:22 UTC+00:00","6744996172","Commande","403-0527160-8920347","declock08","LED Alarme Horloge avec humidité/ date/ température/ Capteur Fonction et rétroéclairage Intelligent commande tactile (bleu)","1","amazon.fr","Amazon","Boulogne Billancourt","","92100","11,99","3,99","0","0","-1,80","-6,07","0","0","8,11"
"10 mai 2016 14:28:51 UTC+00:00","6744996172","Commande","403-8583868-8275523","342A-FR-FBA","Perche Monopode, Amorus® Perche de Selfie stick sans fil Bluetooth monopode pour iPhone 6/6 Plus, Samsung Galaxy S6 / S6 Bord / Note 4, Gopro Hero / H","1","amazon.fr","Amazon","le Chesnay","","78150","15,99","0","0","0","-1,92","-2,38","0","0","11,69"
"10 mai 2016 16:25:58 UTC+00:00","6744996172","Remboursement","403-1299246-9054764","183A-FR-FBA","Amorus Rechargeable 61 touches Silicon flexible Roll Up MIDI Piano Design électronique pour les débutants et les enfants","1","amazon.fr","Amazon","Montauroux","","83440","-54,99","0","0","0","5,28","0","0","0","-49,71"
"11 mai 2016 08:30:28 UTC+00:00","6744996172","Commande","S02-3900347-9881312","AC-ADAPTER","Bloc d'alimentation adaptateur secteur 12V 2A","1","si-prod-fr-marketplace.stores.amazon.fr","Amazon","St Michel Sur Orge","","91240","0","0","0","0","0","-1,80","0","0","-1,80"
"11 mai 2016 08:30:28 UTC+00:00","6744996172","Commande","S02-3900347-9881312","","Frais de transport FBA","","si-prod-fr-marketplace.stores.amazon.fr","Amazon","St Michel Sur Orge","","91240","0","0","0","0","0","0","0","-3,40","-3,40"
"11 mai 2016 15:10:02 UTC+00:00","6744996172","Commande","402-5363173-7306754","183A-FR-FBA","Amorus Rechargeable 61 touches Silicon flexible Roll Up MIDI Piano Design électronique pour les débutants et les enfants","1","amazon.fr","Amazon","CACHAN","","94230","54,99","1,99","0","0","-6,60","-5,36","0","0","45,02"
"11 mai 2016 16:42:01 UTC+00:00","6744996172","Commande","403-9059304-1364304","146A-FR-FBA","Amours® Étui de transport protection portatif de stockage en voyage pour GoPro Hero4 /Hero4 Black/Hero 4 Silver/Hero/Hero3/Hero3+/Hero2 et Accessoires","1","amazon.fr","Amazon","Allan","","26780","9,99","0","0","0","-1,20","-2,74","0","0","6,05"
"12 mai 2016 06:19:01 UTC+00:00","6744996172","Commande","S02-1322982-2028509","AC-ADAPTER","Bloc d'alimentation adaptateur secteur 12V 2A","1","si-prod-fr-marketplace.stores.amazon.fr","Amazon","EMBOURG","","4053","0","0","0","0","0","-6,25","0","0","-6,25"
"12 mai 2016 06:19:01 UTC+00:00","6744996172","Commande","S02-1322982-2028509","","Frais de transport FBA","","si-prod-fr-marketplace.stores.amazon.fr","Amazon","EMBOURG","","4053","0","0","0","0","0","0","0","-0,22","-0,22"
"12 mai 2016 15:36:18 UTC+00:00","6744996172","Frais de stock Expédié par Amazon","","","Frais de disposition Expédié par Amazon ","","","","","","","0","0","0","0","0","0","0","-0,30","-0,30"
"12 mai 2016 18:28:11 UTC+00:00","6744996172","Commande","171-0519812-4818750","183A-FR-FBA","Amorus Rechargeable 61 touches Silicon flexible Roll Up MIDI Piano Design électronique pour les débutants et les enfants","1","amazon.fr","Amazon","cergy","","95000","54,99","0","0","0","-6,60","-3,70","0","0","44,69"
"13 mai 2016 07:11:13 UTC+00:00","6744996172","Commande","404-3797272-7509141","masquealicefr-noir-m","Masque couvert toute la face de plonger, antibuée,antifuite, avec support de montage pour GoPro Xiaomi Yi Sport Caméra d'Action","1","amazon.fr","Vendeur","Ceaulmont","","36200","45,99","4,00","0","0","-7,50","0","0","0","42,49"
"13 mai 2016 07:41:34 UTC+00:00","6744996172","Commande","403-0747779-4275519","342A-FR-FBA","Perche Monopode, Amorus® Perche de Selfie stick sans fil Bluetooth monopode pour iPhone 6/6 Plus, Samsung Galaxy S6 / S6 Bord / Note 4, Gopro Hero / H","1","amazon.fr","Amazon","Chartres","","28000","15,99","0","0","0","-1,92","-2,38","0","0","11,69"
"13 mai 2016 08:30:17 UTC+00:00","6744996172","Commande","403-0406364-8121140","MO5-FR-Green-FBA","Amorus® Sacoches de selle étanches avec Signal de tour LED clignotants télécommande sans fil émetteur (vert)","1","amazon.fr","Amazon","Villiers Le Mahieu","","78770","29,99","0","0","0","-4,50","-2,74","0","0","22,75"
"13 mai 2016 08:35:15 UTC+00:00","6744996172","Commande","403-6400652-8700359","392A-FR","Amorus® Haut-parleur portable en lévitation dans l'air Bluetooth avec Mic et NFC pour iPhone 6/6 Plus, mini iPad 3/2/1, iPad Air 2/1, Samsung Galaxy S","1","amazon.fr","Amazon","Rosporden","","29140","99,99","0","0","0","-7,00","-3,83","0","0","89,16"
"13 mai 2016 12:15:52 UTC+00:00","6744996172","Commande","171-1930214-4185911","183A-FR-FBA","Amorus Rechargeable 61 touches Silicon flexible Roll Up MIDI Piano Design électronique pour les débutants et les enfants","1","amazon.fr","Amazon","St Jacques Sur Darnetal","","76160","54,99","0","0","0","-6,60","-3,70","0","0","44,69"
"13 mai 2016 12:47:31 UTC+00:00","6744996172","Commande","404-4515424-4945948","565A-FR-FBA","Amorus® Eye Protection contrôle tactile lit LED lampe Super faible rayonnement / faible lumière bleue / aucun écran d'éclaboussure / 3 Modes/ 6-niveau","1","amazon.fr","Amazon","Pierrelatte","","26700","43,99","0","0","0","-6,60","-3,50","0","0","33,89"
"13 mai 2016 16:29:00 UTC+00:00","6744996172","Commande","S02-8956754-3898118","AC-ADAPTER","Bloc d'alimentation adaptateur secteur 12V 2A","1","si-prod-fr-marketplace.stores.amazon.fr","Amazon","Rosporden","","29140","0","0","0","0","0","-1,80","0","0","-1,80"
"13 mai 2016 16:29:00 UTC+00:00","6744996172","Commande","S02-8956754-3898118","","Frais de transport FBA","","si-prod-fr-marketplace.stores.amazon.fr","Amazon","Rosporden","","29140","0","0","0","0","0","0","0","-3,40","-3,40"
"13 mai 2016 19:26:16 UTC+00:00","6744996172","Remboursement","171-8887559-8727512","Drum","batterie électronique avec pad de percussion, parfait pour les débutants et les enfants","1","amazon.fr","Amazon","La Chapelle St Mesmin","","45380","-44,99","0","0","0","4,32","0","0","0","-40,67"
"14 mai 2016 03:24:12 UTC+00:00","6744996172","Commande","171-8608862-4589107","Towel Holder-6 Hooks","Amorus®Accessoires Etagères Crochet à Ventouse en métal Salle de bain Porte mural porte-serviettes avec 6 Crochets, 400*30*38mm","1","amazon.fr","Amazon","Aubenas","","07200","16,49","0","0","0","-2,47","-3,66","0","0","10,36"
"14 mai 2016 14:09:34 UTC+00:00","6744996172","Commande","404-6525673-9039565","MO5-FR-Blue-FBA","Amorus® Sacoches de selle étanches avec Signal de tour LED clignotants télécommande sans fil émetteur (bleu)","1","amazon.fr","Amazon","Carrières sur seine","","78420","27,99","3,99","0","0","-4,20","-6,07","0","0","21,71"
"17 mai 2016 07:15:37 UTC+00:00","6744996172","Commande","403-2911514-3677142","392A-FR","Amorus® Haut-parleur portable en lévitation dans l'air Bluetooth avec Mic et NFC pour iPhone 6/6 Plus, mini iPad 3/2/1, iPad Air 2/1, Samsung Galaxy S","1","amazon.fr","Amazon","Clermont Ferrand","","63100","99,99","0","0","0","-7,00","-3,83","0","0","89,16"
"17 mai 2016 08:44:19 UTC+00:00","6744996172","Commande","403-5970302-5265966","392A-FR","Amorus® Haut-parleur portable en lévitation dans l'air Bluetooth avec Mic et NFC pour iPhone 6/6 Plus, mini iPad 3/2/1, iPad Air 2/1, Samsung Galaxy S","1","amazon.fr","Amazon","Puteaux","","92800","99,99","0","0","0","-7,00","-3,83","0","0","89,16"
"17 mai 2016 09:58:48 UTC+00:00","6744996172","Commande","402-5252236-4481109","Bluemask-S","Amorus Masque couvert toute la face de plongée, antibuée,antifuite,PC+Gel de silice (Bleu , S/M)","2","amazon.fr","Vendeur","thil","","54880","79,98","6,00","0","0","-12,90","0","0","0","73,08"
"17 mai 2016 12:33:45 UTC+00:00","6744996172","Commande","404-0553725-1190763","183A-FR-FBA","Amorus Rechargeable 61 touches Silicon flexible Roll Up MIDI Piano Design électronique pour les débutants et les enfants","1","amazon.fr","Amazon","mulhouse","","68100","54,99","0","0","0","-6,60","-3,70","0","0","44,69"
"17 mai 2016 13:07:22 UTC+00:00","6744996172","Commande","404-9523123-7816365","MO5-FR-Green-FBA","Amorus® Sacoches de selle étanches avec Signal de tour LED clignotants télécommande sans fil émetteur (vert)","1","amazon.fr","Amazon","Bayonne","","64100","19,99","0","0","0","-3,00","-2,74","0","0","14,25"
"17 mai 2016 17:13:33 UTC+00:00","6744996172","Commande","403-0154369-2903533","88keys-FR-FBA","Amorus® Piano numérique roulant 88 touches Silicon pour les débutants et les enfants","1","amazon.fr","Amazon","Paris","","75011","94,99","0","0","0","-11,40","-3,83","0","0","79,76"
"17 mai 2016 18:49:30 UTC+00:00","6744996172","Commande","404-0986399-4032331","565B-FR-FBA","Amorus® LED Lampe de bureau/de table/de lecture, interrupteur tactile USB rechargeable ,pliable à angle 360 ° entièrement et portable, 3 Light & 6 niv","1","amazon.fr","Amazon","Metz","","57000","32,99","0","0","0","-4,95","-3,50","0","0","24,54"
"18 mai 2016 01:34:29 UTC+00:00","6744996172","Remboursement","402-1193061-9150747","declock08","LED Alarme Horloge avec humidité/ date/ température/ Capteur Fonction et rétroéclairage Intelligent commande tactile (bleu)","1","amazon.fr","Amazon","NANTERRE","","92000","-11,99","0","0","0","1,44","0","0","0","-10,55"
"18 mai 2016 10:58:11 UTC+00:00","6744996172","Commande","402-0870086-4247539","146A-FR-FBA","Amours® Étui de transport protection portatif de stockage en voyage pour GoPro Hero4 /Hero4 Black/Hero 4 Silver/Hero/Hero3/Hero3+/Hero2 et Accessoires","1","amazon.fr","Amazon","Mauves Sur Loire","","44470","8,99","0","0","0","-1,08","-2,74","0","0","5,17"
"18 mai 2016 13:26:52 UTC+00:00","6744996172","Commande","404-6433593-4830708","146A-FR-FBA","Amours® Étui de transport protection portatif de stockage en voyage pour GoPro Hero4 /Hero4 Black/Hero 4 Silver/Hero/Hero3/Hero3+/Hero2 et Accessoires","1","amazon.fr","Amazon","Compiègne","","60200","8,99","0","0","0","-1,08","-2,74","0","0","5,17"
"18 mai 2016 14:08:29 UTC+00:00","6744996172","Commande","404-0208618-7973158","MO5-FR-Green-FBA","Amorus® Sacoches de selle étanches avec Signal de tour LED clignotants télécommande sans fil émetteur (vert)","1","amazon.fr","Amazon","roquebrune cap martin","","06190","19,99","0","0","0","-3,00","-2,74","0","0","14,25"
"18 mai 2016 17:33:34 UTC+00:00","6744996172","Commande","403-9127374-3921126","declock08","LED Alarme Horloge avec humidité/ date/ température/ Capteur Fonction et rétroéclairage Intelligent commande tactile (bleu)","1","amazon.fr","Amazon","MASSY","","91300","11,99","0","0","0","-1,80","-2,74","0","0","7,45"
"18 mai 2016 18:35:43 UTC+00:00","6744996172","Commande","402-0963479-0081903","88keys-FR-FBA","Amorus® Piano numérique roulant 88 touches Silicon pour les débutants et les enfants","1","amazon.fr","Amazon","marseillan-plage","","34340","94,99","0","0","0","-11,40","-3,83","0","0","79,76"
"19 mai 2016 08:20:09 UTC+00:00","6744996172","Commande","403-9420206-5045128","392B-FR","Amorus® Haut-parleur portable en lévitation dans l'air Bluetooth avec Mic et NFC pour iPhone 6/6 Plus, mini iPad 3/2/1, iPad Air 2/1, Samsung Galaxy S","1","amazon.fr","Amazon","CHATILLON","","92320","94,99","0","0","0","-6,65","-3,83","0","0","84,51"
"19 mai 2016 08:27:20 UTC+00:00","6744996172","Commande","S02-5678432-8769362","AC-ADAPTER","Bloc d'alimentation adaptateur secteur 12V 2A","1","si-prod-fr-marketplace.stores.amazon.fr","Amazon","Puteaux","","92800","0","0","0","0","0","-1,80","0","0","-1,80"
"19 mai 2016 08:27:20 UTC+00:00","6744996172","Commande","S02-5678432-8769362","","Frais de transport FBA","","si-prod-fr-marketplace.stores.amazon.fr","Amazon","Puteaux","","92800","0","0","0","0","0","0","0","-3,40","-3,40"
"19 mai 2016 08:32:12 UTC+00:00","6744996172","Commande","S02-0352004-3329347","AC-ADAPTER","Bloc d'alimentation adaptateur secteur 12V 2A","1","si-prod-fr-marketplace.stores.amazon.fr","Amazon","Clermont Ferrand","","63100","0","0","0","0","0","-1,80","0","0","-1,80"
"19 mai 2016 08:32:12 UTC+00:00","6744996172","Commande","S02-0352004-3329347","","Frais de transport FBA","","si-prod-fr-marketplace.stores.amazon.fr","Amazon","Clermont Ferrand","","63100","0","0","0","0","0","0","0","-3,40","-3,40"
"19 mai 2016 10:52:55 UTC+00:00","6744996172","Frais de stock Expédié par Amazon","","","Frais de disposition Expédié par Amazon ","","","","","","","0","0","0","0","0","0","0","-0,20","-0,20"
"19 mai 2016 18:41:08 UTC+00:00","6744996172","Commande","403-7401282-6333157","009B-FR-FBA","Amorus® Sac à dos de vélo étanche lampe témoin sécurité LED clignotant télécommande sans fil (gris)","1","amazon.fr","Amazon","Eaucourt Sur Somme","","80580","29,99","0","0","0","-4,50","-2,74","0","0","22,75"
"19 mai 2016 18:43:29 UTC+00:00","6744996172","Commande","403-6105580-8129140","009B-FR-FBA","Amorus® Sac à dos de vélo étanche lampe témoin sécurité LED clignotant télécommande sans fil (gris)","1","amazon.fr","Amazon","ANNEMASSE","","74100","29,99","0","0","0","-4,50","-2,74","0","0","22,75"
"20 mai 2016 00:29:07 UTC+00:00","6744996172","Remboursement","402-6152575-7296334","183A-FR-FBA","Amorus Rechargeable 61 touches Silicon flexible Roll Up MIDI Piano Design électronique pour les débutants et les enfants","1","amazon.fr","Amazon","GUYANCOURT","","78280","-54,99","0","0","0","5,28","0","0","0","-49,71"
"20 mai 2016 10:39:49 UTC+00:00","6744996172","Commande","404-4119459-6980353","declock06","LED Alarme Horloge avec humidité/ date/ température/ Capteur Fonction et rétroéclairage Intelligent commande tactile (rouge)","1","amazon.fr","Amazon","ELANCOURT","","78990","11,99","0","0","0","-1,80","-2,74","0","0","7,45"
"20 mai 2016 12:56:04 UTC+00:00","6744996172","Commande","171-9284562-4956363","009A-FR-FBA","Amorus® Sac à dos de vélo étanche lampe témoin sécurité LED clignotant télécommande sans fil (vert)","1","amazon.fr","Amazon","AUBERVILLIERS","","93300","29,99","0","0","0","-4,50","-3,50","0","0","21,99"
"20 mai 2016 14:07:55 UTC+00:00","6744996172","Commande","404-9901666-2177904","009A-FR-FBA","Amorus® Sac à dos de vélo étanche lampe témoin sécurité LED clignotant télécommande sans fil (vert)","1","amazon.fr","Amazon","Asnières sur Seine","","92600","29,99","0","0","0","-4,50","-3,50","0","0","21,99"
"20 mai 2016 15:54:53 UTC+00:00","6744996172","Commande","404-0090529-2991540","392B-FR","Amorus® Haut-parleur portable en lévitation dans l'air Bluetooth avec Mic et NFC pour iPhone 6/6 Plus, mini iPad 3/2/1, iPad Air 2/1, Samsung Galaxy S","1","amazon.fr","Amazon","Taillebourg","","17350","94,99","0","0","0","-6,65","-3,83","0","0","84,51"
"20 mai 2016 17:30:12 UTC+00:00","6744996172","Commande","404-2915521-9402722","392B-FR","Amorus® Haut-parleur portable en lévitation dans l'air Bluetooth avec Mic et NFC pour iPhone 6/6 Plus, mini iPad 3/2/1, iPad Air 2/1, Samsung Galaxy S","1","amazon.fr","Amazon","Valenciennes","","59300","94,99","0","0","0","-6,65","-3,83","0","0","84,51"
"20 mai 2016 18:46:23 UTC+00:00","6744996172","Commande","402-8390987-5475520","392A-FR","Amorus® Haut-parleur portable en lévitation dans l'air Bluetooth avec Mic et NFC pour iPhone 6/6 Plus, mini iPad 3/2/1, iPad Air 2/1, Samsung Galaxy","1","amazon.fr","Amazon","Bretigny Sur Orge","","91220","94,99","0","0","0","-6,65","-3,83","0","0","84,51"
"21 mai 2016 12:17:06 UTC+00:00","6744996172","Commande","403-4956161-3537159","MO5-FR-Blue-FBA","Amorus® Sacoches de selle étanches avec Signal de tour LED clignotants télécommande sans fil émetteur (bleu)","1","amazon.fr","Amazon","St Sauveur Le Vicomte","","50390","19,99","0","0","0","-3,00","-2,74","0","0","14,25"
"21 mai 2016 13:35:27 UTC+00:00","6744996172","Commande","171-7799783-1966716","MO5-FR-Blue-FBA","Amorus® Sacoches de selle étanches avec Signal de tour LED clignotants télécommande sans fil émetteur (bleu)","1","amazon.fr","Amazon","CAPBRETON","","40130","19,99","2,79","0","0","-3,00","-5,07","0","0","14,71"
"21 mai 2016 15:48:39 UTC+00:00","6744996172","Commande","404-8492183-1137947","183A-FR-FBA","Amorus Rechargeable 61 touches Silicon flexible Roll Up MIDI Piano Design électronique pour les débutants et les enfants","1","amazon.fr","Amazon","KRAAINEM","VLAAMS-BRABANT","1950","54,99","0","0","0","-6,60","-3,70","0","0","44,69"
"22 mai 2016 00:30:30 UTC+00:00","6744996172","Ajustement","171-9414470-4891520","183A-FR-FBA","Remboursement Stock Expédié par Amazon - Retour Client ","1","","","","","","0","0","0","0","0","0","0","40,01","40,01"
"22 mai 2016 15:42:35 UTC+00:00","6744996172","Commande","S02-5404492-0070963","AC-ADAPTER","Bloc d'alimentation adaptateur secteur 12V 2A","1","si-prod-fr-marketplace.stores.amazon.fr","Amazon","La Serre Numérique","Valenciennes","59300","0","0","0","0","0","-1,80","0","0","-1,80"
"22 mai 2016 15:42:35 UTC+00:00","6744996172","Commande","S02-5404492-0070963","","Frais de transport FBA","","si-prod-fr-marketplace.stores.amazon.fr","Amazon","La Serre Numérique","Valenciennes","59300","0","0","0","0","0","0","0","-3,40","-3,40"
"22 mai 2016 15:45:28 UTC+00:00","6744996172","Commande","403-0860074-1293162","Drum","batterie électronique avec pad de percussion, parfait pour les débutants et les enfants","1","amazon.fr","Amazon","QUESNOY SUR DEULE","","59890","39,99","0","0","0","-4,80","-3,50","0","0","31,69"
"23 mai 2016 04:17:25 UTC+00:00","6744996172","Commande","171-3401533-2990732","183A-FR-FBA","Amorus Rechargeable 61 touches Silicon flexible Roll Up MIDI Piano Design électronique pour les débutants et les enfants","1","amazon.fr","Amazon","Paris","","75013","54,99","0","0","0","-6,60","-3,70","0","0","44,69"
"23 mai 2016 05:20:11 UTC+00:00","6744996172","Commande","S02-9739728-0830149","AC-ADAPTER","Bloc d'alimentation adaptateur secteur 12V 2A","1","si-prod-fr-marketplace.stores.amazon.fr","Amazon","Taillebourg","","17350","0","0","0","0","0","-1,80","0","0","-1,80"
"23 mai 2016 05:20:11 UTC+00:00","6744996172","Commande","S02-9739728-0830149","","Frais de transport FBA","","si-prod-fr-marketplace.stores.amazon.fr","Amazon","Taillebourg","","17350","0","0","0","0","0","0","0","-3,40","-3,40"
"23 mai 2016 06:37:45 UTC+00:00","6744996172","Commande","402-8492796-4629164","342A-FR-FBA","Perche Monopode, Amorus® Perche de Selfie stick sans fil Bluetooth monopode pour iPhone 6/6 Plus, Samsung Galaxy S6 / S6 Bord / Note 4, Gopro Hero / H","1","amazon.fr","Amazon","CAGNES SUR MER","","06800","14,99","0","0","0","-1,80","-2,38","0","0","10,81"
"23 mai 2016 08:24:37 UTC+00:00","6744996172","Commande","403-0695907-4137110","masquealicefr-noir-l","Masque couvert toute la face de plonger, antibuée,antifuite, avec support de montage pour GoPro Xiaomi Yi Sport Caméra d'Action","1","amazon.fr","Vendeur","pontaubert","","89200","45,99","4,00","0","0","-7,50","0","0","0","42,49"
"23 mai 2016 08:25:17 UTC+00:00","6744996172","Commande","403-8127866-0765928","Bluemask-L","Amorus Masque couvert toute la face de plongée, antibuée,antifuite,PC+Gel de silice (Bleu , L/XL)","1","amazon.fr","Vendeur","Valencogne","","38730","39,99","4,00","0","0","-6,60","0","0","0","37,39"
"23 mai 2016 09:34:12 UTC+00:00","6744996172","Commande","S02-4880031-8290926","AC-ADAPTER","Bloc d'alimentation adaptateur secteur 12V 2A","1","si-prod-fr-marketplace.stores.amazon.fr","Amazon","Bretigny Sur Orge","","91220","0","0","0","0","0","-1,80","0","0","-1,80"
"23 mai 2016 09:34:12 UTC+00:00","6744996172","Commande","S02-4880031-8290926","","Frais de transport FBA","","si-prod-fr-marketplace.stores.amazon.fr","Amazon","Bretigny Sur Orge","","91220","0","0","0","0","0","0","0","-3,40","-3,40"
"23 mai 2016 12:15:46 UTC+00:00","6744996172","Commande","171-3912228-7153133","183A-FR-FBA","Amorus Rechargeable 61 touches Silicon flexible Roll Up MIDI Piano Design électronique pour les débutants et les enfants","1","amazon.fr","Amazon","SAINT MAUR DES FOSSÉS","","94100","54,99","0","0","0","-6,60","-3,70","0","0","44,69"
"23 mai 2016 12:26:10 UTC+00:00","6744996172","Commande","402-0030898-1001169","183A-FR-FBA","Amorus Rechargeable 61 touches Silicon flexible Roll Up MIDI Piano Design électronique pour les débutants et les enfants","1","amazon.fr","Amazon","saint Josse ten Noode","","1210","54,99","0","0","0","-6,60","-3,70","0","0","44,69"
"23 mai 2016 14:22:55 UTC+00:00","6744996172","Commande","403-1707705-5351548","MO5-FR-Green-FBA","Amorus® Sacoches de selle étanches avec Signal de tour LED clignotants télécommande sans fil émetteur (vert)","1","amazon.fr","Amazon","Nevers","","58000","19,99","0","0","0","-3,00","-2,74","0","0","14,25"
"24 mai 2016 04:16:45 UTC+00:00","6744996172","Commande","171-8702062-2557945","Bluemask-S","Amorus Masque couvert toute la face de plongée, antibuée,antifuite,PC+Gel de silice (Bleu , S/M)","2","amazon.fr","Vendeur","Schnersheim","Alsace","67370","79,98","6,00","0","0","-12,90","0","0","0","73,08"
"24 mai 2016 09:52:55 UTC+00:00","6752893442","Commande","171-3784743-9332363","Bluemask-S","Amorus Masque couvert toute la face de plongée, antibuée,antifuite,PC+Gel de silice (Bleu , S/M)","1","amazon.fr","Vendeur","Ploemeur","","56270","39,99","4,00","0","0","-6,60","0","0","0","37,39"
"24 mai 2016 10:35:24 UTC+00:00","6752893442","Transfert","","","vers le compte finissant en : 8017","","","","","","","0","0","0","0","0","0","0","-1 653,23","-1 653,23"
"25 mai 2016 01:46:47 UTC+00:00","6752893442","Commande","403-6208163-6427524","Bluemask-L","Amorus Masque couvert toute la face de plongée, antibuée,antifuite,PC+Gel de silice (Bleu , L/XL)","1","amazon.fr","Vendeur","Bruxelles","","1050","39,99","34,50","0","0","-11,17","0","0","0","63,32"
"25 mai 2016 01:46:47 UTC+00:00","6752893442","Commande","403-6208163-6427524","Bluemask-S","Amorus Masque couvert toute la face de plongée, antibuée,antifuite,PC+Gel de silice (Bleu , S/M)","1","amazon.fr","Vendeur","Bruxelles","","1050","39,99","34,50","0","0","-11,17","0","0","0","63,32"
"25 mai 2016 10:27:38 UTC+00:00","6752893442","Commande","403-2105119-9343533","Rosemask-L","Amorus Masque couvert toute la face de plongée, antibuée,antifuite,PC+Gel de silice (Rose, L/XL)","1","amazon.fr","Vendeur","Monaco","Monaco","98000","39,99","4,00","0","0","-6,60","0","0","0","37,39"
"25 mai 2016 12:16:00 UTC+00:00","6752893442","Commande","402-0041228-0065166","declock06","LED Alarme Horloge avec humidité/ date/ température/ Capteur Fonction et rétroéclairage Intelligent commande tactile (rouge)","1","amazon.fr","Amazon","Vénissieux","","69200","11,99","0","0","0","-1,80","-2,74","0","0","7,45"
"25 mai 2016 13:09:09 UTC+00:00","6752893442","Commande","404-8072724-3566705","009B-FR-FBA","Amorus® Sac à dos de vélo étanche lampe témoin sécurité LED clignotant télécommande sans fil (gris)","1","amazon.fr","Amazon","SAINT-OUEN-LAUMONE","","95310","29,99","0","0","0","-4,50","-2,74","0","0","22,75"
"25 mai 2016 16:06:35 UTC+00:00","6752893442","Commande","171-6522269-5825924","009B-FR-FBA","Amorus® Sac à dos de vélo étanche lampe témoin sécurité LED clignotant télécommande sans fil (gris)","1","amazon.fr","Amazon","Cergy Le Haut","","95800","29,99","0","0","0","-4,50","-2,74","0","0","22,75"
"26 mai 2016 10:55:39 UTC+00:00","6752893442","Commande","404-2760621-3944331","Greenmask-S","Amorus Masque couvert toute la face de plongée, antibuée,antifuite,PC+Gel de silice (Vert, S/M)","1","amazon.fr","Vendeur","ambres","","81500","39,99","4,00","0","0","-6,60","0","0","0","37,39"
"26 mai 2016 12:39:00 UTC+00:00","6752893442","Commande","402-0313710-3778775","392B-FR","Amorus® Haut-parleur portable en lévitation dans l'air Bluetooth avec Mic et NFC pour iPhone 6/6 Plus, mini iPad 3/2/1, iPad Air 2/1, Samsung Galaxy S","1","amazon.fr","Amazon","Magny le hongre","","77700","94,99","3,99","0","0","-6,65","-7,16","0","0","85,17"
"26 mai 2016 12:46:29 UTC+00:00","6752893442","Commande","403-5557818-8146769","MO2A-FR-FBA","Amorus® 5L Sac à dos de vélo étanche lampe témoin sécurité LED clignotant télécommande sans fil pour la nuit la sécurité à vélo (orange)","1","amazon.fr","Amazon","MONTROUGE","","92120","38,10","12,99","0","0","-5,72","-14,33","0","0","31,04"
"26 mai 2016 13:18:37 UTC+00:00","6752893442","Commande","171-6382496-7593921","MO2A-FR-FBA","Amorus® 5L Sac à dos de vélo étanche lampe témoin sécurité LED clignotant télécommande sans fil pour la nuit la sécurité à vélo (orange)","1","amazon.fr","Amazon","St Sauveur Le Vicomte","","50390","38,10","0","0","0","-5,72","-3,50","0","0","28,88"
"26 mai 2016 13:18:57 UTC+00:00","6752893442","Commande","404-2649106-5844325","declock08","LED Alarme Horloge avec humidité/ date/ température/ Capteur Fonction et rétroéclairage Intelligent commande tactile (bleu)","1","amazon.fr","Amazon","morgny","","27150","11,99","9,99","0","0","-1,80","-11,07","0","0","9,11"
"26 mai 2016 14:48:24 UTC+00:00","6752893442","Remboursement","171-9284562-4956363","009A-FR-FBA","Amorus® Sac à dos de vélo étanche lampe témoin sécurité LED clignotant télécommande sans fil (vert)","1","amazon.fr","Amazon","AUBERVILLIERS","","93300","-29,99","0","0","0","3,60","0","0","0","-26,39"
"26 mai 2016 16:54:25 UTC+00:00","6752893442","Commande","402-3827305-4580348","MO5-FR-Green-FBA","Amorus® Sacoches de selle étanches avec Signal de tour LED clignotants télécommande sans fil émetteur (vert)","1","amazon.fr","Amazon","Epinay sur Orge","","91360","19,99","2,79","0","0","-3,00","-5,07","0","0","14,71"
"26 mai 2016 18:27:42 UTC+00:00","6752893442","Commande","404-8615260-7039560","342A-FR-FBA","Perche Monopode, Amorus® Perche de Selfie stick sans fil Bluetooth monopode pour iPhone 6/6 Plus, Samsung Galaxy S6 / S6 Bord / Note 4, Gopro Hero / H","1","amazon.fr","Amazon","PEZENAS","","34120","14,99","9,99","0","0","-1,80","-10,71","0","0","12,47"
"27 mai 2016 10:29:44 UTC+00:00","6752893442","Commande","403-7588539-6401911","Greenmask-L","Amorus Masque couvert toute la face de plongée, antibuée,antifuite,PC+Gel de silice (Vert, L/XL)","1","amazon.fr","Vendeur","Les milles","Paca","13290","39,99","4,00","0","0","-6,60","0","0","0","37,39"
"27 mai 2016 13:08:23 UTC+00:00","6752893442","Commande","404-8979926-8483513","MO2A-FR-FBA","Amorus® 5L Sac à dos de vélo étanche lampe témoin sécurité LED clignotant télécommande sans fil pour la nuit la sécurité à vélo (orange)","1","amazon.fr","Amazon","capbreton","","40130","38,10","0","0","0","-5,72","-3,50","0","0","28,88"
"27 mai 2016 13:37:50 UTC+00:00","6752893442","Commande","171-6903191-0503549","342A-FR-FBA","Perche Monopode, Amorus® Perche de Selfie stick sans fil Bluetooth monopode pour iPhone 6/6 Plus, Samsung Galaxy S6 / S6 Bord / Note 4, Gopro Hero / H","1","amazon.fr","Amazon","mareuil caubert","","80132","14,99","0","0","0","-1,80","-2,38","0","0","10,81"
"27 mai 2016 15:12:36 UTC+00:00","6752893442","Commande","404-8136013-3884348","183A-FR-FBA","Amorus Rechargeable 61 touches Silicon flexible Roll Up MIDI Piano Design électronique pour les débutants et les enfants","1","amazon.fr","Amazon","Le bouscat","","33110","54,99","0","0","0","-6,60","-3,70","0","0","44,69"
"27 mai 2016 15:57:40 UTC+00:00","6752893442","Commande","S02-9412023-9528502","AC-ADAPTER","Bloc d'alimentation adaptateur secteur 12V 2A","1","si-prod-fr-marketplace.stores.amazon.fr","Amazon","Magny le hongre","","77700","0","0","0","0","0","-1,80","0","0","-1,80"
"27 mai 2016 15:57:40 UTC+00:00","6752893442","Commande","S02-9412023-9528502","","Frais de transport FBA","","si-prod-fr-marketplace.stores.amazon.fr","Amazon","Magny le hongre","","77700","0","0","0","0","0","0","0","-3,40","-3,40"
"27 mai 2016 15:59:06 UTC+00:00","6752893442","Commande","S02-8136098-8146121","AC-ADAPTER","Bloc d'alimentation adaptateur secteur 12V 2A","1","si-prod-fr-marketplace.stores.amazon.fr","Amazon","CHATILLON","","92320","0","0","0","0","0","-1,80","0","0","-1,80"
"27 mai 2016 15:59:06 UTC+00:00","6752893442","Commande","S02-8136098-8146121","","Frais de transport FBA","","si-prod-fr-marketplace.stores.amazon.fr","Amazon","CHATILLON","","92320","0","0","0","0","0","0","0","-3,40","-3,40"
"28 mai 2016 07:46:31 UTC+00:00","6752893442","Commande","403-3221108-0067513","MO2B-FR-FBA","Amorus® 5L Sac à dos de vélo étanche lampe témoin sécurité LED clignotant télécommande sans fil pour la nuit la sécurité à vélo (vert)","1","amazon.fr","Amazon","Pont St Pierre","","27360","38,10","0","0","0","-5,72","-3,50","0","0","28,88"
"29 mai 2016 11:39:36 UTC+00:00","6752893442","Commande","403-5526490-8917911","MO2A-FR-FBA","Amorus® 5L Sac à dos de vélo étanche lampe témoin sécurité LED clignotant télécommande sans fil pour la nuit la sécurité à vélo (orange)","1","amazon.fr","Amazon","le cannet","","06110","38,10","0","0","0","-5,72","-3,50","0","0","28,88"
"30 mai 2016 14:19:27 UTC+00:00","6752893442","Commande","171-8941149-5989140","009B-FR-FBA","Amorus® Sac à dos de vélo étanche lampe témoin sécurité LED clignotant télécommande sans fil (gris)","1","amazon.fr","Amazon","ST GERMAIN LA POTERIE","","60650","29,99","0","0","0","-4,50","-2,74","0","0","22,75"
"30 mai 2016 14:27:15 UTC+00:00","6752893442","Commande","171-9631053-1127538","392B-FR","Amorus® Haut-parleur portable en lévitation dans l'air Bluetooth avec Mic et NFC pour iPhone 6/6 Plus, mini iPad 3/2/1, iPad Air 2/1, Samsung Galaxy S","1","amazon.fr","Amazon","Montreuil","","93100","94,99","0","0","0","-6,65","-3,83","0","0","84,51"
"30 mai 2016 15:44:02 UTC+00:00","6752893442","Commande","402-4461835-8225919","Toilet Paper Holder","Amorus®Accessoires Etagères Crochet à Ventouse en métal Salle de bain Porte mural Porte-papier toilette, 165*93*45mm","1","amazon.fr","Amazon","La Queue En Brie","","94510","14,49","0","0","0","-2,17","-3,66","0","0","8,66"
"31 mai 2016 13:10:26 UTC+00:00","6752893442","Commande","171-0878409-4236366","Bluemask-L","Amorus Masque couvert toute la face de plongée, antibuée,antifuite,PC+Gel de silice (Bleu , L/XL)","1","amazon.fr","Vendeur","Bastia","","20600","39,99","4,00","0","0","-6,60","0","0","0","37,39"
"31 mai 2016 13:10:54 UTC+00:00","6752893442","Commande","402-4141753-0116365","masquealicefr-noir-l","Masque couvert toute la face de plonger, antibu?e,antifuite, avec support de montage pour GoPro Xiaomi Yi Sport Cam?ra d'Action","1","amazon.fr","Vendeur","levallois perret","","92300","45,99","4,00","0","0","-7,50","0","0","0","42,49"
"31 mai 2016 13:11:34 UTC+00:00","6752893442","Commande","171-9965861-0933166","masquealicefr-noir-m","Masque couvert toute la face de plonger, antibuée,antifuite, avec support de montage pour GoPro Xiaomi Yi Sport Caméra d'Action","1","amazon.fr","Vendeur","Angers","","49100","45,99","4,00","0","0","-7,50","0","0","0","42,49"
"31 mai 2016 13:11:57 UTC+00:00","6752893442","Commande","403-8260948-5029901","146A-FR","Amours® Étui de transport protection portatif de stockage en voyage pour GoPro Hero4 /Hero4 Black/Hero 4 Silver/Hero/Hero3/Hero3+/Hero2 et Accessoires","1","amazon.fr","Vendeur","Feneu","","49460","9,99","4,00","0","0","-1,68","0","0","0","12,31"
"31 mai 2016 13:13:33 UTC+00:00","6752893442","Commande","171-7655502-5645904","Greenmask-S","Amorus Masque couvert toute la face de plongée, antibuée,antifuite,PC+Gel de silice (Vert, S/M)","1","amazon.fr","Vendeur","Montbonnot saint Martin","Isere","38330","39,99","4,00","0","0","-6,60","0","0","0","37,39"
"31 mai 2016 13:15:20 UTC+00:00","6752893442","Commande","402-9632822-3113145","Bluemask-S","Amorus Masque couvert toute la face de plongée, antibuée,antifuite,PC+Gel de silice (Bleu , S/M)","1","amazon.fr","Vendeur","ALENCON","","61000","39,99","4,00","0","0","-6,60","0","0","0","37,39"
"31 mai 2016 16:14:14 UTC+00:00","6752893442","Commande","403-4814949-6735522","Drum","batterie électronique avec pad de percussion, parfait pour les débutants et les enfants","1","amazon.fr","Amazon","VIVONNE","","86370","39,99","0","0","0","-4,80","-3,50","0","0","31,69"
